{
    "history":
[
    {
      "id": "1",
      "title": "Shrimad Gokul",
      "description": "Like four Vrindavans at Gokul(Chandrasarovar, Nandgaam, Kaamvan and Vrindavan) there are four Gokuls too. First Gokul is Shrimad Gokul, second Gokul Mahavan, third Gokul is said to be besides Gwalpokhar near Gokul Goverdhan. And fourth Gokul is Nandgaam. Shri Nandraiji resides in all these four Gokuls. Present Gokul is situated in the premises of Mahavan, one of the twelve vans of Vraj. In Sanskrit Mahavan is called Brihadvan. Gokul is one of the 24 Upvans. This place has paramount importance in Pushtimarg as Shri Krshna was born at Shrimad Gokul.",
      "Image": null
    },
    {
      "id": "2",
      "title": "Shri Mahaprabhuji’s bethakji",
      "description": "This bethak is situated below the tree of Chokar on Govindghat on the banks of Shri Yamunaji. Here Shri Mahaprabhuji had praised Yamunaji with Yamunashtak and Shri Yamunaji had given him darshan in person. On Shravan sud 11, Shri Thakorji himself appeared in front of Shri Mahaprabhuji and ordained him with the initiation of Brahmasambandh. At this place bethakji of Shri Mahaprabhuji and Shrinathji are located together.",
      "Image": null
    },
    {
      "id": "3",
      "title": "Badi bethak",
      "description": "This is situated near the temple of Shri Dwarkadhishji. Here, Shri Mahaprabhuji used to eat and perform Bhagwad vaarta regularly. A big tree is situated here. One gaudiya vaishnav from Vrindavan, Shri Shyamanand had come here to test Shri Mahaprabhuji. He had hanged the purse of his Thakorji Shaaligramji on the branch of a tree there. When he returned after having darshan the purse was not visible. He went to Shri Mahaprabhuji and told that one of his sevaks has stolen his purse. Shri Mahaprabhuji said his sevaks cannot do this. He asked him to go and see again. He was shocked to see many similar looking purses hanged on the branches of the tree. To this Shri Mahaprabhuji said you can’t identify your own deity how would you be performing seva? He asked him to look at the tree again, to his surprise now there was just his purse hanging there. This miracle happened at this place.",
      "Image": null
    },
    {
      "id": "4",
      "title": "Shyam temple’s Bethak",
      "description": "Shayamandir’s bethak is situated in Shri Dwarkadhishji’s mandir. This temple was not established in the time of Shri Mahaprabhuji. Shri Mahaprabhuji used to sleep here. One Yogeshwar was doing tap here since Dwaparyug, his hutment was below the land. He came out and touched the feet of Shri Mahaprabhuji and said: I got the fruit for my tap by having your darshan. Here there will be seven temples. Shri Gokul will be here again. Bless me that nobody shifts me from here.",
      "Image": null
    },
    {
      "id": "5",
      "title": "Sandhyavandan’s Bethak",
      "description": "As of 2001 India census,[2] Gokul had a population of 4041. Males constitute 55% of the population and females 45%. Gokul has an average literacy rate of 60%, higher than the national average of 59.5%: male literacy is 68%, and female literacy is 49%. In Gokul, 18% of the population is under 8 years of age.",
      "Image": null
    }
  ]
}